Input row: ,LogReturns1
Input row: 0,-0.00219164826555242560
Input row: 1,0.0093418938414287151
Input row: 2,0.0128383789881103571
Input row: 3,0.0034513571897655331
Input row: 4,0.0043862319151592291
Input row: 5,0.0022449350717289371
Input row: 6,0.0054143258443764211
Input row: 7,0.0022278252750667841
Input row: 8,-0.005991207348230441
Input row: 9,-0.0105419987255382571
Input row: 10,-0.0089708154980434591
Input row: 11,-0.0131827512295912591
Input row: 12,0.00133828111706881581
Input row: 13,0.0046094210676117121
Input row: 14,0.0105935744520451721
Input row: 15,-0.0166630274130372261
Input row: 16,0.000226444589611690681
Input row: 17,0.0202611363080535571
Input row: 18,0.0073687046040432131
Input row: 19,0.01
Input row: 20,-0.00130339493539525961
Input row: 21,0.0099104161766536931
Input row: 22,0.0059694681859598771
Input row: 23,0.00454096373244686651
Input row: 24,0.00359483195731847461
Input row: 25,-0.0117600470409768791
Input row: 26,-0.0127300163220061721
Input row: 27,-0.013014332095471331
Input row: 28,-0.0045772183021657691
Input row: 29,0.0052980256375551941
Input row: 30,0.0115815275779921431
Input row: 31,0.0151973237669703471
Input row: 32,-0.0186458080691405161
Input row: 33,0.0087761474099577971
Input row: 34,-0.0140311457683695661
Input row: 35,-0.014716791547516511
Input row: 36,-0.0031645596029631371
Input row: 37,0.015243459932590621
Input row: 38,0.00215879191539602261
Input row: 39,-0.0073469178355755221
Input row: 40,-0.0181337133185037921
Input row: 41,-0.0048044441045508951
Input row: 42,0.0125170366602380121
Input row: 43,0.0130847517436584551
Input row: 44,0.0068374284249214731
Input row: 45,0.01
Input row: 46,0.0141257022636486141
Input row: 47,-0.032707317975784331
Input row: 48,-0.000365430298237970271
Input row: 49,-0.0147278067102435111
Input row: 50,-0.0165808199284200251
Input row: 51,0.0023855871694129761
Input row: 52,-0.0112240285441615911
Input row: 53,0.0053124334400170711
Input row: 54,-0.0161509201594726951
Input row: 55,-0.00282449796199045431
Input row: 56,0.0212435642551236931
Input row: 57,-0.018034524854055111
Input row: 58,0.0023041484848500741
Input row: 59,0.000255689083469321
Input row: 60,0.0091615350046617561
Input row: 61,0.0214280487435709881
Input row: 62,-0.0077162797296892581
Input row: 63,0.00386558246798883541
Input row: 64,-0.0051157389003441151
Input row: 65,0.00772589512712944151
Input row: 66,0.015397237115300061
Input row: 67,0.0047558165365274291
Input row: 68,0.0072727593290796571
Input row: 69,0.0154595924535925971
Input row: 70,0.01
Input row: 71,-0.00059477786800686771
Input row: 72,0.0040375307193927761
Input row: 73,0.0149388180739363791
Input row: 74,-0.0060897248741633851
Input row: 75,-0.021490883503194411
Input row: 76,-0.0056568725201992991
Input row: 77,0.0088921518384929631
Input row: 78,-0.0160389329087866871
Input row: 79,0.00666386424333071351
Input row: 80,-0.0161912356870036471
Input row: 81,0.0223310250341660981
Input row: 82,-0.00168168207800550381
Input row: 83,0.0090953235906791031
Input row: 84,0.00130960194917988521
Input row: 85,-0.0118486216520170411
Input row: 86,-0.00761378987747127551
Input row: 87,-0.0302978839813376551
Input row: 88,-0.00162693234058990871
Input row: 89,-0.0012532900499996991
Input row: 90,-0.0065425497594383151
Input row: 91,-0.031675405726464071
Input row: 92,0.0066229707708288121
Input row: 93,-0.062211435407384951
Input row: 94,-0.017647925540803571
Input row: 95,-0.091085274595661781
Input row: 96,0.064519325621643031
Input row: 97,-0.050187627353284211
Input row: 98,0.0487469125096427761
Input row: 99,0.0061804005567738861
Input row: 100,0.0278364847214804851
Input row: 101,-0.0185659341225353871
Input row: 102,0.000283889285086020771
Input row: 103,-0.058595387753837071
Input row: 104,-0.0177640745034027481
Input row: 105,-0.00352950569733730341
Input row: 106,0.047141721574047161
Input row: 107,0.0147029360910623731
Input row: 108,-0.02487326474513981
Input row: 109,0.0235718402248187641
Input row: 110,0.046230580032293381
Input row: 111,0.00578593706704392651
Input row: 112,-0.00206256518634825641
Input row: 113,-0.0217067100749001561
Input row: 114,-0.0376970468393525851
Input row: 115,0.01
Input row: 116,-0.0027792016718503411
Input row: 117,0.0370945347065004751
Input row: 118,-0.0185190477672375271
Input row: 119,-0.0299183204909677021
Input row: 120,0.0085558863866344491
Input row: 121,0.016028319243904081
Input row: 122,0.0177655102178837131
Input row: 123,0.013960601834112081
Input row: 124,0.00153921530424006741
Input row: 125,-0.0180591815383975321
Input row: 126,-0.0156398912160938961
Input row: 127,-0.037723641988236211
Input row: 128,-0.0283296435651121151
Input row: 129,0.00631402729066857151
Input row: 130,0.0187063473097462341
Input row: 131,0.02131704778851621
Input row: 132,-0.0391027260137424841
Input row: 133,0.0171828146048571971
Input row: 134,-0.0310826522938908861
Input row: 135,-0.052849714935208671
Input row: 136,0.060441354153500931
Input row: 137,0.0136431946823068181
Input row: 138,0.0219855264077159741
Input row: 139,-0.0247298489106825841
Input row: 140,0.0428839892844963341
Input row: 141,0.0068508394176360051
Input row: 142,0.0141355303335511051
Input row: 143,-0.00085972207616561381
Input row: 144,0.0195889869195848551
Input row: 145,-0.0308331590116141981
Input row: 146,0.0261836261549877221
Input row: 147,-0.0196811828985005431
Input row: 148,0.0027328316181108811
Input row: 149,0.0214573063621308551
Input row: 150,0.031687189323264421
Input row: 151,-0.028458889796934321
Input row: 152,0.017089683024995371
Input row: 153,0.051417270722004671
Input row: 154,-0.0051164427784086421
Input row: 155,-0.0269277800309702041
Input row: 156,-0.036042415695005931
Input row: 157,0.024354323951764281
Input row: 158,0.0245759060488373871
Input row: 159,-0.00494752630525555241
Input row: 160,-0.002012748079697011
Input row: 161,0.0145345581542927621
Input row: 162,-0.0488298790168330351
Input row: 163,0.0073402448537121711
Input row: 164,0.026014405375733811
Input row: 165,-0.0144900632614286381
Input row: 166,0.012606063242449821
Input row: 167,-0.016323234822430871
Input row: 168,-0.014313734639458971
Input row: 169,-0.00027781636517060271
Input row: 170,-0.0241856558132036051
Input row: 171,-0.0084328377956534931
Input row: 172,-0.0319385513642599651
Input row: 173,0.01
Input row: 174,-0.0128264249122339111
Input row: 175,0.046485900263526631
Input row: 176,-0.00186446809120528531
Input row: 177,0.056783507063704231
Input row: 178,-0.0072143510342933131
Input row: 179,0.0040899852515250661
Input row: 180,0.0169975763685710771
Input row: 181,0.00093589150490502371
Input row: 182,-0.0020065554187451381
Input row: 183,-0.031558658146427631
Input row: 184,0.0296822335240181061
Input row: 185,-0.0144587344189264171
Input row: 186,-0.0210447213647082521
Input row: 187,-0.0125893395835630951
Input row: 188,0.009247648921660081
Input row: 189,0.00777997811391946751
Input row: 190,-0.0174500135254919281
Input row: 191,0.0393506972304147051
Input row: 192,0.0040669961004141171
Input row: 193,0.00146869615637385231
Input row: 194,0.00376293952954228921
Input row: 195,0.01
Input row: 196,0.00294669380107679931
Input row: 197,-0.018356568889134211
Input row: 198,0.0100299024612512181
Input row: 199,-0.0054090733640119711
Input row: 200,0.01
Input row: 201,0.016473729415143431
Input row: 202,-0.0055505542577369321
Input row: 203,0.0056172409304303491
Input row: 204,-0.00247037348134170441
Input row: 205,0.005001177362953231
Input row: 206,0.0145274609867696271
Input row: 207,0.003925678948884731
Input row: 208,0.00299928502859454771
Input row: 209,-0.0053528426003580691
Input row: 210,0.01
Input row: 211,-0.000392798695721500461
Input row: 212,0.0176536256516924531
Input row: 213,0.0061570230420261831
Input row: 214,0.00063918186899707371
Input row: 215,-0.0012787725527768651
Input row: 216,0.0057416425676751831
Input row: 217,0.0084880474139037221
Input row: 218,-0.00113600517107979921
Input row: 219,0.0067967536666093251
Input row: 220,-0.0078076205709858661
Input row: 221,-0.00101188979036344421
Input row: 222,0.0212853910621088331
Input row: 223,0.0056825353653981921
Input row: 224,0.0215691052257017581
Input row: 225,-0.00326028182288597061
Input row: 226,-0.00060492410047463611
Input row: 227,0.0021760163325158471
Input row: 228,-0.0049633901301826631
Input row: 229,-0.0138084921503127041
Input row: 230,0.0128371467606806821
Input row: 231,-0.0045047863359554041
Input row: 232,-0.008332360424725331
Input row: 233,0.0186511166261005141
Input row: 234,-0.000120780240499350561
Input row: 235,0.01
Input row: 236,-0.0067870821679104361
Input row: 237,-0.0079360650933918061
Input row: 238,0.014843927501801521
Input row: 239,-0.00193423657983086561
Input row: 240,-0.00169553147074783691
Input row: 241,-0.00267022855587892081
Input row: 242,-0.0150618166030713091
Input row: 243,0.005168606140865351
Input row: 244,-0.0150880923124251181
Input row: 245,0.00112086692101090721
Input row: 246,-0.0201163434155447951
Input row: 247,0.0093541321680246791
Input row: 248,0.0128772247092307361
Input row: 249,0.0134466195772143861
Input row: 250,-0.0019627091678487061
Input row: 251,0.0196966854003949281
Input row: 252,-0.0082205491946728361
Input row: 253,0.008340936843045411
Input row: 254,-0.00084301805438219251
Input row: 255,0.0083983696988316411
Input row: 256,-0.0089889054765490281
Input row: 257,-0.00025319355576815591
Input row: 258,-0.0096935207110115751
Input row: 259,0.0066743770614667211
Input row: 260,0.0205896667883437961
Input row: 261,-0.007015069491096671
Input row: 262,-0.0058637157180436381
Input row: 263,-0.00288461738485961071
Input row: 264,-0.00325517196230284271
Input row: 265,0.012242111604157221
Input row: 266,-0.00670259840203807361
Input row: 267,-0.016101068129002961
Input row: 268,-0.0044031382293126071
Input row: 269,0.01
Input row: 270,-0.016561990235732391
Input row: 271,-0.023836174851650221
Input row: 272,0.0140677815844231521
Input row: 273,0.0142448991261298151
Input row: 274,-0.0132134654678148931
Input row: 275,0.00160791934750711381
Input row: 276,0.0143313562580528071
Input row: 277,-0.0075762642714944371
Input row: 278,-0.0057514537138791061
Input row: 279,0.0057514537138791451
Input row: 280,-0.0139353206052249611
Input row: 281,0.007556711022561241
Input row: 282,0.0154385536515501291
Input row: 283,0.0098353386884116911
Input row: 284,0.0077992108718034481
Input row: 285,-0.0111078346853842451
Input row: 286,0.0009814747444725511
Input row: 287,0.00269409910686301941
Input row: 288,-0.0141636704848660581
Input row: 289,-0.019160313157693851
Input row: 290,0.00265168410947645971
Input row: 291,-0.00063071588341232321
Input row: 292,-0.0056944158935565851
Input row: 293,0.0037998779097746211
Input row: 294,-0.0025316469217795081
Input row: 295,-0.0133973295718213941
Input row: 296,-0.00179994905885652241
Input row: 297,-0.007167563697982651
Input row: 298,-0.02300911050925761
Input row: 299,-0.0094155401921862741
Input row: 300,0.0232451975533472071
Input row: 301,-0.00603517969337791
Input row: 302,0.0064275160614524371
Input row: 303,0.00208986491945923651
Input row: 304,-0.0006526137411028941
Input row: 305,0.01
Input row: 306,0.014388737452099671
Input row: 307,-0.0193625696955758431
Input row: 308,-0.00131302539872577461
Input row: 309,-0.0305499646774477461
Input row: 310,-0.00230555469321310981
Input row: 311,0.012816364301075691
Input row: 312,0.0243656121623572231
Input row: 313,-0.0065625645684160471
Input row: 314,0.0134721807425698171
Input row: 315,-0.022334086499785431
Input row: 316,0.0125422463992735851
Input row: 317,-0.0116126931818190381
Input row: 318,0.0113502604287055821
Input row: 319,0.0132970281434897261
Input row: 320,0.00116482249629310651
Input row: 321,0.0171843161719035241
Input row: 322,-0.00152691211750363951
Input row: 323,-0.024622578114280341
Input row: 324,0.0112907565033558541
Input row: 325,-0.015738115043640381
Input row: 326,-0.00104931803961774641
Input row: 327,0.0161419802757209741
Input row: 328,-0.00168012963593816761
Input row: 329,0.0286881406533881571
Input row: 330,0.0114972523656575851
Input row: 331,0.012962344323390211
Input row: 332,0.01
Input row: 333,-0.00110449787260686531
Input row: 334,-0.011236766994759071
Input row: 335,-0.00385692546554677151
Input row: 336,-0.0111564930279952191
Input row: 337,-0.0034093094453721151
Input row: 338,-0.0034209726109427031
Input row: 339,0.0123739446279840251
Input row: 340,-0.0040321369028558541
Input row: 341,0.00353057578338986271
Input row: 342,0.0061143915757919371
Input row: 343,-0.0033714210619435251
Input row: 344,-0.0128400555596521421
Input row: 345,-0.016092301288755131
Input row: 346,-0.0132194771137327561
Input row: 347,0.00221541759993552951
Input row: 348,0.0085548156210365751
Input row: 349,0.02347046511279991
Input row: 350,-0.0034097399961141261
Input row: 351,-0.008894594853451241
Input row: 352,-0.016601629604018161
Input row: 353,-0.00364014962535985641
Input row: 354,0.0235547282330134531
Input row: 355,0.0077298743881054661
Input row: 356,0.0090475610894068651
Input row: 357,-0.00150225366258967781
Input row: 358,0.00474941525188108451
Input row: 359,-0.00349738053217069251
Input row: 360,-0.0016279510201084791
Input row: 361,-0.00238409046985237851
Input row: 362,0.0087555281023787241
Input row: 363,0.0104064368255851831
Input row: 364,0.007000335618314921
Input row: 365,-0.00220534272179654731
Input row: 366,-0.00061345931621430031
Input row: 367,-0.0047979424021391241
Input row: 368,-0.0070540481848752391
Input row: 369,0.0027285146532039141
Input row: 370,0.00296809517922041071
Input row: 371,0.0045586230610316321
Input row: 372,0.0030684283050145031
Input row: 373,-0.0099760664784439451
Input row: 374,0.00407634435125587251
Input row: 375,0.01
Input row: 376,0.0121302718778242231
Input row: 377,0.000243546031403585821
Input row: 378,0.018194604518609481
Input row: 379,0.0074092942801601561
Input row: 380,-0.0045200505171514411
Input row: 381,0.00214362354325159071
Input row: 382,0.0051023545877827181
Input row: 383,0.0130520989829430321
Input row: 384,0.009302392662313631
Input row: 385,-0.0046403795565022251
Input row: 386,-0.0032611256481314881
Input row: 387,-0.00175141617541292831
Input row: 388,-0.0044506983752142931
Input row: 389,0.0036323198879654111
Input row: 390,-0.0071600751928380441
Input row: 391,-0.0144758104423691641
Input row: 392,-0.0063545564830159371
Input row: 393,0.010766942152308291
Input row: 394,-0.00716506528428271451
Input row: 395,0.0033500868852820271
Input row: 396,0.00190930845592015161
Input row: 397,-0.0028653314732862821
Input row: 398,0.0067918044814680071
Input row: 399,-0.00118821306755480231
Input row: 400,-0.0063212089545765681
Input row: 401,-0.0117945764928370411
Input row: 402,-0.00157508968166832811
Input row: 403,0.00363108605204034851
Input row: 404,-0.008127660438921881
Input row: 405,0.00655580835300068751
Input row: 406,0.0073543040491700921
Input row: 407,0.0089686699827603161
Input row: 408,-0.0054912397742842741
Input row: 409,-0.0204372552518854621
Input row: 410,-0.00024437927785354121
Input row: 411,-0.00501929687286691451
Input row: 412,-0.0027093804987910681
Input row: 413,0.0040558035071870711
Input row: 414,-0.004794992896518281
Input row: 415,0.01
Input row: 416,0.01
Input row: 417,0.0060207836849634671
Input row: 418,0.0104802324093756141
Input row: 419,-0.0158689753023568241
Input row: 420,0.0065714317009015811
Input row: 421,0.0074774860705735981
Input row: 422,-0.0245893874106224571
Input row: 423,-0.0141650754549479261
Input row: 424,0.0021438938787309541
Input row: 425,-0.0029016610278980711
Input row: 426,-0.0057016309036636021
Input row: 427,-0.0187256978630439971
Input row: 428,-0.0051908182552864941
Input row: 429,0.0082931992337679971
Input row: 430,0.02093826532931371
Input row: 431,0.00178936217284467271
Input row: 432,0.005271147235389251
Input row: 433,0.01
Input row: 434,0.0098658308816985241
Input row: 435,0.003225809248882791
Input row: 436,-0.00123946470999352151
Input row: 437,0.0083982215228155421
Input row: 438,0.0113727914871086631
Input row: 439,-0.00194742028439556661
Input row: 440,-0.00109709281437309941
Input row: 441,0.00120064495753808511
Input row: 442,-0.00116039695666902221
Input row: 443,0.00155136189599193431
Input row: 444,0.00072306495031637841
Input row: 445,0.0043710608691720981
Input row: 446,0.0104851819290845381
Input row: 447,-0.0056507514352852171
Input row: 448,-0.0064106660429430311
Input row: 449,-0.00060690661570345781
Input row: 450,0.013986241974739871
Input row: 451,0.0135748287320341541
Input row: 452,-0.0064166020318636621
Input row: 453,0.0049804443041447521
Input row: 454,-0.0041486457890713391
Input row: 455,-0.0048818338306837781
Input row: 456,0.01
Input row: 457,-0.0071777635538112351
Input row: 458,-0.00073120517410564331
Input row: 459,-0.00712348318637913251
Input row: 460,0.0214311297664872561
Input row: 461,0.01
Input row: 462,0.0290136282952244141
Input row: 463,-0.00230680609791505951
Input row: 464,0.0073631257650389531
Input row: 465,-0.0037898408840595861
Input row: 466,-0.00070557621049338321
Input row: 467,0.004839236936344561
Input row: 468,0.00228911625654372371
Input row: 469,-0.00148732937434855051
Input row: 470,0.00057231158203805551
Input row: 471,0.0043388969645733341
Input row: 472,-0.00296668405628637731
Input row: 473,0.0092135099810452281
Input row: 474,0.00282661729270651141
Input row: 475,0.01
Input row: 476,0.007199941104200551
Input row: 477,-0.0023567711935521541
Input row: 478,0.0032531297969853871
Input row: 479,0.0072532818134362341
Input row: 480,0.00066688898770377431
Input row: 481,0.00055540129169988311
Input row: 482,-0.0120658373652890431
Input row: 483,0.0068328465224779191
Input row: 484,0.0087802731347104341
Input row: 485,-0.0121348552808636311
Input row: 486,0.0089206657583793621
Input row: 487,0.0042095996583168161
Input row: 488,-0.00332189431817618351
Input row: 489,0.0070734158757266991
Input row: 490,-0.00110192848615664391
Input row: 491,0.0044004471448216711
Input row: 492,0.004162564888667751
Input row: 493,0.002511055416272251
Input row: 494,0.000327064598173012061
Input row: 495,0.01
Input row: 496,0.0087905498504806631
Input row: 497,-0.0187605124638237641
Input row: 498,-0.0097345661591406231
Input row: 499,0.0119351621206552681
Input row: 500,-0.0223280589294891781
Input row: 501,0.0039239918055925021
Input row: 502,0.0104631408694068671
Input row: 503,0.00188063554515762351
Input row: 504,0.0045211523228140751
Input row: 505,0.0026370743773562731
Input row: 506,0.0115646063024676171
Input row: 507,0.00259993646618339071
Input row: 508,0.0047490645112305861
Input row: 509,0.0092176429704774081
Input row: 510,-0.00032011951401793141
Input row: 511,-0.00202980679702104241
Input row: 512,0.00373592791891609041
Input row: 513,0.009965098894704531
Input row: 514,-0.00052756529844035721
Input row: 515,-0.0055032417438708391
Input row: 516,-0.0042539679167066831
Input row: 517,0.0092293658900742431
Input row: 518,-0.0088031538431320571
Input row: 519,0.00308461660312078951
Input row: 520,-0.00223273709254689661
Input row: 521,0.00318810046864589521
Input row: 522,0.00067881464603578491
Input row: 523,0.00122917830082200361
Input row: 524,0.01
Input row: 525,-0.0135403742588376921
Input row: 526,-0.0062453094130157761
Input row: 527,-0.015786077095089011
Input row: 528,0.0085227788619826151
Input row: 529,-0.0019603578484538421
Input row: 530,0.0082510510446043381
Input row: 531,-0.00292350378760913381
Input row: 532,0.017946857491896571
Input row: 533,0.00138364132552832841
Input row: 534,-0.0040498829732744151
Input row: 535,-0.038426496375764121
Input row: 536,0.0171640257267382731
Input row: 537,-0.0175414135415909061
Input row: 538,-0.0055216776529393161
Input row: 539,0.011432501454815221
Input row: 540,0.0028653314732864271
Input row: 541,0.0157225642948044221
Input row: 542,0.0051863973630279321
Input row: 543,0.00655246986970903661
Input row: 544,-0.0053676994150041441
Input row: 545,0.0071861734680287241
Input row: 546,0.0056482273035124671
Input row: 547,-0.0245289968581956651
Input row: 548,0.015776672869044011
Input row: 549,0.0157416566884025461
Input row: 550,0.0064166843002363851
Input row: 551,0.0081454084439677951
Input row: 552,0.00290788448750442261
Input row: 553,-0.00342804054604637761
Input row: 554,0.0075675476471929221
Input row: 555,-0.00072317788161317471
Input row: 556,0.0127337929287452851
Input row: 557,0.0020387366898483091
Input row: 558,-0.00254907096987045751
Input row: 559,0.0111676287540100861
Input row: 560,0.00161404251725111151
Input row: 561,0.000201572264339213351
Input row: 562,-0.0147203307756506571
Input row: 563,0.00122649238596530451
Input row: 564,-0.000204310961993924811
Input row: 565,0.01
Input row: 566,0.0128916163913341541
Input row: 567,-0.009322187279026741
Input row: 568,0.0066964535951212941
Input row: 569,-0.011083544241127891
Input row: 570,0.0094642745825866651
Input row: 571,-0.0106920218209089381
Input row: 572,-0.0128794732801562081
Input row: 573,0.010522069431276691
Input row: 574,0.0076667894068504581
Input row: 575,0.0060913893934019131
Input row: 576,-0.010889030403077691
Input row: 577,-0.0099748886089179191
Input row: 578,0.017569023115142851
Input row: 579,-0.0077885665860840721
Input row: 580,0.0065184025641826881
Input row: 581,0.0117255967920028541
Input row: 582,-0.0123358490485327481
Input row: 583,-0.026808492787366591
Input row: 584,0.002973941095689861
Input row: 585,-0.0132681496488514461
Input row: 586,0.0095624119599474761
Input row: 587,0.00469508922368975551
Input row: 588,0.0153904809260724061
Input row: 589,-0.0057565948443367451
Input row: 590,0.0161574227738487921
Input row: 591,-0.0050849290893304751
Input row: 592,0.00203707546507714621
Input row: 593,0.01
Input row: 594,0.0140441813263865141
Input row: 595,0.0040052121229998711
Input row: 596,0.0092505757388947511
Input row: 597,0.00276844155460660841
Input row: 598,0.0116811144157605491
Input row: 599,0.002047283191313171
Input row: 600,0.008726904992805691
Input row: 601,-0.005032918095667111
Input row: 602,0.00387372167529075271
Input row: 603,0.0066471031316120781
Input row: 604,0.00153506698089859311
Input row: 605,0.00210687685673593751
Input row: 606,-0.00066988853646314811
Input row: 607,-0.0083643882827530471
Input row: 608,0.009129938559376371
Input row: 609,-0.0040256931584112041
Input row: 610,-0.0070358345277629141
Input row: 611,0.00087011171922667371
Input row: 612,0.00168971966724740051
Input row: 613,0.0135587177156079841
Input row: 614,0.00085620516099668351
Input row: 615,0.00341750854737866071
Input row: 616,-0.0100962854009064711
Input row: 617,-0.0071092623376890421
Input row: 618,0.0041372070365174771
Input row: 619,-0.00105672712653025561
Input row: 620,0.0052725041857259211
Input row: 621,-0.00133945676360206451
Input row: 622,-0.003933047422123911
Input row: 623,-0.018724777013004211
Input row: 624,-0.0042200366862478961
Input row: 625,-0.0102013458323689331
Input row: 626,0.0143234441217901621
Input row: 627,-0.00609099043953870161
Input row: 628,0.0139930851169191561
Input row: 629,0.0025232932642842981
Input row: 630,9.69227042194074e-051
Input row: 631,-0.0237335843320944441
Input row: 632,0.00198294730849337681
Input row: 633,0.0099542535832314611
Input row: 634,-0.0157156681493467631
Input row: 635,0.01
Input row: 636,0.00675141563697494951
Input row: 637,0.0087680971567016821
Input row: 638,0.00156816654698242291
Input row: 639,0.0027383880192787011
Input row: 640,0.0150247579935703421
Input row: 641,0.0097655156154830941
Input row: 642,0.0004762585221230991
Input row: 643,-0.0073596509013124451
Input row: 644,0.0054532543654962621
Input row: 645,0.00219204281245471461
Input row: 646,0.009852296443011641
Input row: 647,0.0094760759752312491
Input row: 648,-0.00102770130967958211
Input row: 649,-0.00365220240205866961
Input row: 650,9.381303069859052e-051
Input row: 651,0.00065644490564734851
Input row: 652,-0.00187670131087664921
Input row: 653,0.0055261696387205681
Input row: 654,-0.00449354809659902041
Input row: 655,0.00028143909374752811
Input row: 656,0.0115640568727816261
Input row: 657,-0.0040880852252096961
Input row: 658,-0.010293933309441761
Input row: 659,0.006656378582644691
Input row: 660,-0.0117488075431971021
Input row: 661,-0.016347319834587041
Input row: 662,-0.0039962498114651181
Input row: 663,0.0238356217058397841
Input row: 664,0.0144048884966687961
Input row: 665,0.00500232631817151661
Input row: 666,-0.0098431475381812061
Input row: 667,0.0123349581579513661
Input row: 668,0.008718451039881031
Input row: 669,0.0113570475232923721
Input row: 670,-0.00198951051334881041
Input row: 671,0.002621707418577451
Input row: 672,-0.0033461482725008661
Input row: 673,0.0053394654594458641
Input row: 674,0.00089164694889260471
Input row: 675,-0.000450227372424440661
Input row: 676,0.00287795863720221541
Input row: 677,-0.0137446779031220271
Input row: 678,-0.0058442317742796961
Input row: 679,-0.0043597049389527531
Input row: 680,0.0114778222358210051
Input row: 681,-0.0034614718475421831
Input row: 682,-0.0042979353801488331
Input row: 683,-0.017005955121728871
Input row: 684,0.0180135118820286271
Input row: 685,0.00137230706317471971
Input row: 686,0.00082248119783940931
Input row: 687,0.0095459609387498771
Input row: 688,-0.0010410773827028541
Input row: 689,0.0038420731150488761
Input row: 690,-0.0070626878150909841
Input row: 691,-0.0061981786253361981
Input row: 692,-0.000365797900741100261
Input row: 693,0.0178584268351057941
Input row: 694,0.0049294296546393881
Input row: 695,0.00125089365846348741
Input row: 696,0.0073840467172279171
Input row: 697,0.0055685829140208521
Input row: 698,0.01
Input row: 699,0.00052872754139741211
Input row: 700,-0.0100939408474370121
Input row: 701,-0.0048171368797140371
Input row: 702,-0.0026862480336514241
Input row: 703,0.0007170386611779551
Input row: 704,0.0077647763947312331
Input row: 705,-0.0002667496570300891
Input row: 706,-0.0091120873463620691
Input row: 707,-0.016559216545047461
Input row: 708,0.00218738694580045831
Input row: 709,0.0032721352590985391
Input row: 710,0.0118173762584563061
Input row: 711,-0.00143587927389395711
Input row: 712,0.013646913841181891
Input row: 713,-0.0074693571526507111
Input row: 714,0.0167282743181166631
Input row: 715,0.0074330279701921371
Input row: 716,0.00382609162402059451
Input row: 717,0.01
Input row: 718,8.678672168613313e-051
Input row: 719,-0.00060766528194808721
Input row: 720,-0.00060803476357537241
Input row: 721,0.00234324255623923451
Input row: 722,0.01
Input row: 723,-0.0108947780900506641
Input row: 724,0.0050699409298427831
Input row: 725,-0.0081418703215002941
Input row: 726,0.0083162382382453731
Input row: 727,0.00130679114297413851
Input row: 728,0.000261153429122908351
Input row: 729,0.0054685262792426061
Input row: 730,-0.0137716810922665251
Input row: 731,0.0122122941350171211
Input row: 732,0.00742855623054419851
Input row: 733,0.001204094064804511
Input row: 734,-0.00353037780030530931
Input row: 735,0.01
Input row: 736,0.0059342251116998621
Input row: 737,0.0050464119410788811
Input row: 738,-0.0067628558914993391
Input row: 739,-0.0258421306177386571
Input row: 740,-0.014740099943616291
Input row: 741,0.0105001854566029261
Input row: 742,-0.0145337139834756741
Input row: 743,0.0148080854753438291
Input row: 744,-0.0074702449444257031
Input row: 745,-0.0317947165838412261
Input row: 746,0.0075188324140273191
Input row: 747,-0.0075188324140272281
Input row: 748,0.0078841625852292121
Input row: 749,0.0112595396375771251
Input row: 750,0.00261508783324942851
Input row: 751,0.0088761958121375571
Input row: 752,0.0039198268452984381
Input row: 753,0.0126343510372061081
Input row: 754,0.00140375527525632661
Input row: 755,0.01
Input row: 756,0.0103790561483651111
Input row: 757,-0.0102913868369514751
Input row: 758,0.0107251322352069231
Input row: 759,0.00311742545505874161
Input row: 760,0.00732225350177762541
Input row: 761,0.00102942447110856051
Input row: 762,0.0061543915940740331
Input row: 763,0.0054389528147953051
Input row: 764,-0.0039913432462060041
Input row: 765,-0.00537521024594293451
Input row: 766,0.0248407500747462181
Input row: 767,-0.00058433158305231121
Input row: 768,-0.000167014614167049921
Input row: 769,-0.00033411293327846481
Input row: 770,-0.00334728346005703451
Input row: 771,-0.0104483592913270281
Input row: 772,0.0030446572910868481
Input row: 773,-0.0116364331667102741
Input row: 774,0.0041775072475847331
Input row: 775,0.0044142686280388461
Input row: 776,0.0144637570237730481
Input row: 777,-0.0065332337247869241
Input row: 778,0.00134363473355211
Input row: 779,-0.004626327803897151
Input row: 780,-0.0114471085051153811
Input row: 781,-0.00281822638384188931
Input row: 782,-0.0193426287757960951
Input row: 783,-0.00253175743073346921
Input row: 784,-0.00096200103619095211
Input row: 785,0.0177778605731089351
Input row: 786,0.0130653837558626471
Input row: 787,0.004486400211427151
Input row: 788,-0.010186845306993131
Input row: 789,-0.023394394207191381
Input row: 790,-0.0146938546238909021
Input row: 791,0.0069779022699830731
Input row: 792,0.0143321512949448461
Input row: 793,-0.02897094903073681
Input row: 794,-0.0139320233949754071
Input row: 795,0.00280378241831381361
Input row: 796,0.00387614854084613331
Input row: 797,0.0108273618258372381
Input row: 798,0.0049716011492457651
Input row: 799,0.01
Input row: 800,0.0046826078405621031
Input row: 801,0.010260097897740791
Input row: 802,-0.006301438670454891
Input row: 803,-0.00254933987132336831
Input row: 804,-0.017760878914189621
Input row: 805,-0.0058408756610474011
Input row: 806,0.0025202533591878631
Input row: 807,0.006630254554983171
Input row: 808,-0.000357270457533723661
Input row: 809,0.00080367910741836031
Input row: 810,-0.001250446751002191
Input row: 811,-0.01639971878432951
Input row: 812,0.00062667740426743841
Input row: 813,-0.0101201307212773661
Input row: 814,0.0091299821635309981
Input row: 815,0.0224667968800842741
Input row: 816,-0.0098232617029430921
Input row: 817,-0.0163767514409922381
Input row: 818,-0.0067734812747597941
Input row: 819,0.0063172560740912981
Input row: 820,0.0107117945079432671
Input row: 821,-0.015377219427329441
Input row: 822,0.0051216501200549241
Input row: 823,0.0103458586847907761
Input row: 824,0.0108652799693444161
Input row: 825,0.01
Input row: 826,0.0142764561771808911
Input row: 827,-0.0052081152281315881
Input row: 828,0.00335748680835241651
Input row: 829,-0.0045086934885132991
Input row: 830,-0.0054195859186303881
Input row: 831,-0.00240824270161646561
Input row: 832,0.0039215736531816441
Input row: 833,0.0207753951062875781
Input row: 834,0.0095379202209331421
Input row: 835,0.008763695576873191
Input row: 836,-0.00196943164225713881
Input row: 837,-0.0048975481319199011
Input row: 838,-0.00613419349726943361
Input row: 839,0.00173175209959967811
Input row: 840,0.0048330119102422821
Input row: 841,0.0070350324461974991
Input row: 842,0.0067311633179504091
Input row: 843,0.00084882442920113051
Input row: 844,0.0033035479622750661
Input row: 845,-0.00194692574301969461
Input row: 846,-0.0107335556431086641
Input row: 847,0.0084431869106130421
Input row: 848,-0.00169995791044861251
Input row: 849,0.00669806226246962441
Input row: 850,0.003963741221648011
Input row: 851,0.0101328170911707951
Input row: 852,-0.007694919200112361
Input row: 853,0.0060271402945245281
Input row: 854,0.01
Input row: 855,-0.017257046802321681
Input row: 856,-0.012216631370841631
Input row: 857,0.00128849392907018381
Input row: 858,-0.0107017505349277181
Input row: 859,-0.00130236614892100541
Input row: 860,0.005112884312960681
Input row: 861,-0.0099027911412930061
Input row: 862,-0.00270991030823023671
Input row: 863,-0.0155260705289194271
Input row: 864,0.0154385316835010321
Input row: 865,-0.0040350931942306071
Input row: 866,0.008402675259426611
Input row: 867,0.00117598393308247761
Input row: 868,-0.0019607422242178431
Input row: 869,-0.0091132772328654921
Input row: 870,-0.0050302360844111271
Input row: 871,0.00273888053883336461
Input row: 872,0.0039624936274440431
Input row: 873,-0.0231150940156172641
Input row: 874,-0.0045963954345747411
Input row: 875,0.0088153849634892441
Input row: 876,-0.0025107617206918261
Input row: 877,0.0031464185053492631
Input row: 878,-0.0048537469517139431
Input row: 879,0.0096662347555302561
Input row: 880,0.0094854662707851341
Input row: 881,-0.0069057379353395411
Input row: 882,0.00778764997768376451
Input row: 883,0.00149746779799570961
Input row: 884,-0.00193832659806465441
Input row: 885,0.0144466899889881521
Input row: 886,0.0034710204928787411
Input row: 887,-0.0042536632564248381
Input row: 888,0.0021724970526002911
Input row: 889,8.680178817118329e-051
Input row: 890,0.0046761429163813371
Input row: 891,0.0090303774277831711
Input row: 892,-0.00248596416227688051
Input row: 893,-0.0051630783311961551
Input row: 894,0.00559213398629579851
Input row: 895,0.01
Input row: 896,0.0054757152559627631
Input row: 897,-0.006334010733938481
Input row: 898,-0.00387147212165834871
Input row: 899,0.00318430494120834061
Input row: 900,0.00154546265842566151
Input row: 901,-0.0119100398084230811
Input row: 902,0.0058864435899517571
Input row: 903,0.0064524678637634581
Input row: 904,-0.0106906785930430771
Input row: 905,-0.0109814594926100021
Input row: 906,0.00280038688303514951
Input row: 907,0.0026182594814281311
Input row: 908,0.0060827438157693291
Input row: 909,-0.0127290297591770121
Input row: 910,-0.014138257947832851
Input row: 911,-0.0093880612621210141
Input row: 912,0.0062684901239962011
Input row: 913,-0.017015940604833681
Input row: 914,0.0089492122692357741
Input row: 915,-0.00081026337991401781
Input row: 916,-0.0152466879433975621
Input row: 917,-0.0142760886478799891
Input row: 918,0.0095093732330734941
Input row: 919,0.0075064431559269851
Input row: 920,-0.0086096886479882781
Input row: 921,-0.016602894945190641
Input row: 922,0.018991723718076551
Input row: 923,-0.027350542051087881
Input row: 924,-0.0122409840863653071
Input row: 925,-0.0040179906729988531
Input row: 926,0.0116269297991791741
Input row: 927,0.0099934837542221651
Input row: 928,0.0111941467431527081
Input row: 929,-0.00297287472760628851
Input row: 930,0.0116549279704839441
Input row: 931,0.016327265605089531
Input row: 932,-0.0143979159322351471
Input row: 933,0.0175594740509641381
Input row: 934,0.00171209773743550121
Input row: 935,-0.00054034583447277481
Input row: 936,0.0280682783436799061
Input row: 937,-0.0023676952350992771
Input row: 938,0.0084801837041763911
Input row: 939,0.0146051077296365781
Input row: 940,-0.0017173282599485251
Input row: 941,-0.0046515718293571581
Input row: 942,0.00181151656181033961
Input row: 943,0.0042999722257178231
Input row: 944,0.00154347483909029851
Input row: 945,0.0049572751091514871
Input row: 946,0.00068183757861890141
Input row: 947,0.0045054694312927271
Input row: 948,-0.0085179390653024791
Input row: 949,-0.00179802266000683681
Input row: 950,-0.0083473657100815691
Input row: 951,0.0057731408459506121
Input row: 952,-0.0107109946871906981
Input row: 953,0.0111404926107282321
Input row: 954,0.00120161373998128531
Input row: 955,0.0118526222363473381
Input row: 956,0.00076261495879231981
Input row: 957,0.0032979607922511531
Input row: 958,0.01
Input row: 959,-0.0149700847867785361
Input row: 960,-0.015719791660703091
Input row: 961,0.0119419903101529271
Input row: 962,0.0095882936445667921
Input row: 963,-0.0047826549444278261
Input row: 964,0.0075053657219661751
Input row: 965,-0.0125691022426113291
Input row: 966,0.0166393190039647241
Input row: 967,-0.0214694129208520061
Input row: 968,0.0039692864263571051
Input row: 969,-0.0122169348632529141
Input row: 970,-0.010163935741608811
Input row: 971,-0.00141006456781901181
Input row: 972,0.0304001176359304621
Input row: 973,0.0147760840533329271
Input row: 974,0.0022733980237242921
Input row: 975,0.006789347566542191
Input row: 976,0.00125224376676075031
Input row: 977,-0.00083465491866621281
Input row: 978,0.01
Input row: 979,0.0064919079435251641
Input row: 980,0.00422203532916946151
Input row: 981,-0.0058826135918617391
Input row: 982,-0.0060010181757947381
Input row: 983,0.01
Input row: 984,-0.0057849668772570111
Input row: 985,-0.0134593812414401661
Input row: 986,-0.017451549714688931
Input row: 987,0.0122394218815469521
Input row: 988,0.0168199684008705251
Input row: 989,-0.0096496431857928061
Input row: 990,-0.0033226867630070881
Input row: 991,0.00076775435633047021
Input row: 992,-0.0040158980788463991
Input row: 993,-0.0170102966060287771
Input row: 994,0.0161537655044122941
Input row: 995,0.01
Input row: 996,-0.0042076400577280751
Input row: 997,-0.00318897059737605551
Input row: 998,0.020168176334591491
Input row: 999,-0.00067704809627591331
Input row: 1000,0.0096049268192378471
Input row: 1001,-0.0047909316265461151
Input row: 1002,-0.0169942062503978531
Input row: 1003,0.0137029251663251111
Input row: 1004,-0.0222231367847101241
Input row: 1005,0.0091199117862830711
Input row: 1006,0.0177416478202888471
Input row: 1007,-0.0037090154633374711
Input row: 1008,0.0128384393974982811
Input row: 1009,-0.00108446308855595241
Input row: 1010,-0.0079608247132931551
Input row: 1011,0.0063737216778963791
Input row: 1012,-0.00142217784459240941
Input row: 1013,0.0113211897596540331
Input row: 1014,0.00594208235123643451
Input row: 1015,0.01
Input row: 1016,0.0031219216943459851
Input row: 1017,0.00106579227141407471
Input row: 1018,8.193699050014318e-051
Input row: 1019,0.00270016119542527271
Input row: 1020,0.00098007195038714471
Input row: 1021,0.0013052702130560541
Input row: 1022,0.00114071551520439721
Input row: 1023,0.0036577972097574571
Input row: 1024,-0.0054509348652137621
Input row: 1025,0.0072343335220665161
Input row: 1026,-0.00592991461870141361
Input row: 1027,-0.00310077767824815931
Input row: 1028,0.00293781833624341941
Input row: 1029,-0.0127108193755148971
Input row: 1030,0.0043644817500502521
Input row: 1031,-0.0115703770128483351
Input row: 1032,0.00613244649946729451
Input row: 1033,0.0164697073569643751
Input row: 1034,-0.00358219059276924331
Input row: 1035,0.0058551033336010031
Input row: 1036,0.0026721745525258511
Input row: 1037,0.0079739458391443351
Input row: 1038,0.00192353990542675131
Input row: 1039,0.0087691888475446361
Input row: 1040,-0.00087346652633225971
Input row: 1041,-0.000238350614881233541
Input row: 1042,-0.0272246195481289161
Input row: 1043,-0.00122554041238921071
Input row: 1044,0.0063564715696009651
Input row: 1045,0.0134750092325222291
Input row: 1046,-0.0032110487572802871
Input row: 1047,0.000401945421223973631
Input row: 1048,0.0018468708826931111
Input row: 1049,0.01
Input row: 1050,0.00440264869643131
Input row: 1051,-0.0064102783609190541
Input row: 1052,0.0085645058665291641
Input row: 1053,-0.003592961667942051
Input row: 1054,0.0047877525225685521
Input row: 1055,0.00063663856996702871
Input row: 1056,-0.000238691969148536941
Input row: 1057,0.0069780633640798011
Input row: 1058,-0.00055329408991641631
Input row: 1059,-0.016340884113676761
Input row: 1060,0.0097569552020613481
Input row: 1061,-0.00103515556482407391
Input row: 1062,0.0015125585019625281
Input row: 1063,0.0045239967630512841
Input row: 1064,-0.0033314855910033571
Input row: 1065,-0.011105455085901281
Input row: 1066,0.00552819578779523751
Input row: 1067,-0.0109255585501856021
Input row: 1068,-0.021390316733652661
Input row: 1069,0.0064980693383039111
Input row: 1070,0.0036009532322741411
Input row: 1071,-0.0128259589379291251
Input row: 1072,0.00346935751920832751
Input row: 1073,0.00378601275280456661
Input row: 1074,0.00744775714205370751
Input row: 1075,0.00057061342489765971
Input row: 1076,-0.00179445398886235081
Input row: 1077,-4.0820491892524426e-051
Input row: 1078,0.0105980080360174351
Input row: 1079,-0.00113158757629374111
Input row: 1080,0.0112586633562027141
Input row: 1081,-0.00136038111645142911
Input row: 1082,0.00184007412213200041
Input row: 1083,-0.00111964183161635951
Input row: 1084,-0.0043303997101523561
Input row: 1085,0.01
Input row: 1086,-0.0096096350590728231
Input row: 1087,0.0121780609031611
Input row: 1088,-0.00088215250918996271
Input row: 1089,-0.00603550699479070241
Input row: 1090,0.00314300939719922141
Input row: 1091,0.00192926104856077911
Input row: 1092,0.0099089831074890261
Input row: 1093,-0.0100696127761341751
Input row: 1094,0.0072029122940580161
Input row: 1095,-0.00463592869292345661
Input row: 1096,-0.00304902747646063541
Input row: 1097,0.0123788666931021651
Input row: 1098,0.00253666406334566171
Input row: 1099,-0.00301300576812882141
Input row: 1100,-0.0031814231876380891
Input row: 1101,0.0070649232140357161
Input row: 1102,-0.00150405727938237861
Input row: 1103,0.0132994287609284751
Input row: 1104,-0.000469153187118088641
Input row: 1105,0.00685895128588919451
Input row: 1106,0.0020950541125753321
Input row: 1107,-0.0084848522113463031
Input row: 1108,-0.00054736678850317181
Input row: 1109,-0.00274133713871471671
Input row: 1110,-0.025579280073634151
Input row: 1111,0.0046560251087514731
Input row: 1112,0.00295893694234316331
Input row: 1113,-0.0116462502647257171
Input row: 1114,0.01
Input row: 1115,-0.000323206208372737671
Input row: 1116,0.0011307650021592571
Input row: 1117,-0.0153742809443558161
Input row: 1118,0.00360036392517798771
Input row: 1119,0.0137899654420322541
Input row: 1120,0.0112153703022606681
Input row: 1121,0.0055608659346532781
Input row: 1122,-0.0053219077910174621
Input row: 1123,0.005955470812131121
Input row: 1124,-0.004363874104987471
Input row: 1125,-0.0054217960912559761
Input row: 1126,-0.0047281411959460121
Input row: 1127,0.0036882658872668181
Input row: 1128,-0.0111058601648624451
Input row: 1129,-0.0162353147955225581
Input row: 1130,-0.0083419851913570721
Input row: 1131,0.0085064724028471541
Input row: 1132,0.0027921509476033561
Input row: 1133,0.00286615272160845951
Input row: 1134,0.0054638260290618721
Input row: 1135,-0.0049733093416597171
Input row: 1136,-0.0023730627723317291
Input row: 1137,0.00229132669806997051
Input row: 1138,-0.0135787791846122731
Input row: 1139,-0.0067340321813440681
Input row: 1140,0.011445758195122311
Input row: 1141,-0.0086136030325687021
Input row: 1142,-0.00191499163471853191
Input row: 1143,-0.00333917999558135371
Input row: 1144,0.0064180257811283491
Input row: 1145,0.01049639786850061
Input row: 1146,-0.008006976617729391
Input row: 1147,-0.0104137234673224581
Input row: 1148,-0.025616328591408231
Input row: 1149,-0.0117536570459660981
Input row: 1150,-0.0398155175028021
Input row: 1151,-0.0077192409818742591
Input row: 1152,0.025117222639112071
Input row: 1153,0.017712054873366181
Input row: 1154,0.0098214687186090851
Input row: 1155,-0.00363920339253916671
Input row: 1156,-0.029064132943911241
Input row: 1157,0.017803047593941091
Input row: 1158,-0.00158144471546745631
Input row: 1159,-0.0075905042288181731
Input row: 1160,0.01
Input row: 1161,0.022600821832969481
Input row: 1162,-0.0115870094552051141
Input row: 1163,0.0045462571746170611
Input row: 1164,0.0046993385586098681
Input row: 1165,-0.0046121127746129021
Input row: 1166,0.0111888066076732161
Input row: 1167,0.008588166835937561
Input row: 1168,0.00341472075018936721
Input row: 1169,-0.0139022233897795231
Input row: 1170,-0.0018163738073453681
Input row: 1171,-0.0152661402456582221
Input row: 1172,-0.00299322346904886331
Input row: 1173,-0.00167659425993372541
Input row: 1174,-0.0161143037332787431
Input row: 1175,-0.0284016905857245731
Input row: 1176,-0.00713527560450999761
Input row: 1177,0.0154111849083697421
Input row: 1178,-0.00174144217053749531
Input row: 1179,0.0147516789065521971
Input row: 1180,0.0235830491658026371
Input row: 1181,-0.0069100204078877161
Input row: 1182,0.0175358064434610471
Input row: 1183,0.0089569710523935261
Input row: 1184,0.00198918984510376581
Input row: 1185,-0.00146988915834279161
Input row: 1186,-0.0137656817386627731
Input row: 1187,-0.00987401128115221
Input row: 1188,0.0236396930198148271
Input row: 1189,-0.00129875770452953471
Input row: 1190,0.00190426786532498251
Input row: 1191,-0.00138456235341094961
Input row: 1192,-0.0153580680119354081
Input row: 1193,0.0087550900685113041
Input row: 1194,0.0098018740270750271
Input row: 1195,-0.0068425194432377281
Input row: 1196,-0.0110112097429169361
Input row: 1197,0.0287565285207709161
Input row: 1198,-0.0107301772040305191
Input row: 1199,-0.0045845848217044061
Input row: 1200,0.0205945154128487041
Input row: 1201,0.0051675323598776581
Input row: 1202,-0.00050709940234732521
Input row: 1203,0.00076055270493330741
Input row: 1204,0.0070707365292015051
Input row: 1205,-0.0118124896982392451
Input row: 1206,0.00296622955738310441
Input row: 1207,-0.0087544649892879591
Input row: 1208,-0.0193076158069262031
Input row: 1209,-0.0072498898149035771
Input row: 1210,0.0085545214415684751
Input row: 1211,-0.0038317559727670771
Input row: 1212,0.0167853049731582871
Input row: 1213,-0.0042130667193039121
Input row: 1214,0.006441384405142551
Input row: 1215,0.0049530417228260611
Input row: 1216,0.0072993024816115351
Input row: 1217,0.0077500177306724271
Input row: 1218,0.01
Input row: 1219,0.0037690065136962651
Input row: 1220,-0.0043565752551566721
Input row: 1221,0.00661117935830789551
Input row: 1222,-0.0108181691559372051
Input row: 1223,-0.017007212647233111
Input row: 1224,0.0100692036000326821
Input row: 1225,-0.015142083229109261
Input row: 1226,-0.00553203934811711751
Input row: 1227,-0.011244398273212511
Input row: 1228,0.003325460314970391
Input row: 1229,-0.0225304401510203371
Input row: 1230,-0.00717427523401841
Input row: 1231,0.0142974466580699421
Input row: 1232,0.0151451340756363491
Input row: 1233,-0.010718781239605441
Input row: 1234,-0.0153992984762704471
Input row: 1235,0.0075067376637533511
Input row: 1236,0.0091284366760370161
Input row: 1237,0.0125368757266785281
Input row: 1238,-0.0024424296859222081
Input row: 1239,0.01
Input row: 1240,-0.00463956712665047551
Input row: 1241,0.010734492394146931
Input row: 1242,-0.010120484217319641
Input row: 1243,-0.0125299442179987961
Input row: 1244,0.01
Input row: 1245,-0.0234480490751281071
Input row: 1246,0.00217924357561105841
Input row: 1247,-0.015355388083194651
Input row: 1248,-0.0270740957908212721
Input row: 1249,-0.0173734801308181761
Input row: 1250,-0.0043425882477924821
Input row: 1251,0.00299358052731406271
Input row: 1252,-0.0326355583748552951
Input row: 1253,0.0137523809770524861
Input row: 1254,-0.016345898640266641
Input row: 1255,0.01
Input row: 1256,-0.0135755516435376381
Input row: 1257,0.0041424661409520751
Input row: 1258,-0.0023217090124131211
Input row: 1259,0.0241625173457336271
Input row: 1260,-0.022496397252134141
Input row: 1261,0.019829333884251471
Input row: 1262,-0.0138441531857242051
Input row: 1263,-0.000200601806088930051
Input row: 1264,0.032275192253258641
Input row: 1265,-0.0045753304443996911
Input row: 1266,-0.021798959553378921
Input row: 1267,0.00129553060125221361
Input row: 1268,0.00387655174592329471
Input row: 1269,-0.0277627969773563171
Input row: 1270,-0.0165582021376187961
Input row: 1271,-0.00676346160782977451
Input row: 1272,0.00052189344120755581
Input row: 1273,-0.0109203096351651791
Input row: 1274,0.0188197374706988861
Input row: 1275,0.01
Input row: 1276,0.023431777518175921
Input row: 1277,0.0155539736958670551
Input row: 1278,-0.004790906458838571
Input row: 1279,0.004990030314534441
Input row: 1280,0.0110881246904661841
Input row: 1281,-0.0091984229992793431
Input row: 1282,0.0095921625456596091
Input row: 1283,0.0091110108577645511
Input row: 1284,0.0063189827720682641
Input row: 1285,-0.00446776189945060751
Input row: 1286,0.0212845710303932561
Input row: 1287,0.0102465430187108561
Input row: 1288,0.0104077489971901321
Input row: 1289,0.0054922176689314821
Input row: 1290,0.0107955835237756491
Input row: 1291,-0.0244419304443764881
Input row: 1292,0.0050690055032972311
Input row: 1293,-0.0081794279176896011
Input row: 1294,0.0212102614919849681
Input row: 1295,-0.00259854820088931781
Input row: 1296,-0.0156895261713768281
Input row: 1297,0.0070346864223915591
Input row: 1298,0.0152122402951442511
Input row: 1299,0.008980998781972571
Input row: 1300,-0.0023748641048551781
Input row: 1301,-0.00118955039876920051
Input row: 1302,-0.0216574869356720571
Input row: 1303,0.0029895388483659861
Input row: 1304,0.01
Input row: 1305,0.00121195185673146031
Input row: 1306,0.0273863834878573731
Input row: 1307,9.064950375603616e-051
Input row: 1308,0.00280606656177323241
Input row: 1309,0.0044193983992688971
Input row: 1310,-0.0084045499464027831
Input row: 1311,-0.0114088765441572681
Input row: 1312,0.0112273553964452341
Input row: 1313,-0.0136168427938265261
Input row: 1314,0.0039487631088602411
Input row: 1315,-0.00312098656124850651
Input row: 1316,0.01069920132675541
Input row: 1317,0.021328142542430481
Input row: 1318,-0.00124732731781264291
Input row: 1319,0.00249310074819268431
Input row: 1320,0.0075304896286359251
Input row: 1321,0.00079403594978773451
Input row: 1322,0.00149812762102199181
Input row: 1323,-0.0050320123836156291
Input row: 1324,0.0098635762254334091
Input row: 1325,-0.00712372741262767151
Input row: 1326,0.0097493196788918261
Input row: 1327,0.0034901003928680561
Input row: 1328,-0.0114757511842632811
Input row: 1329,-0.0090274088591025221
Input row: 1330,0.0088511818782959031
Input row: 1331,-0.0165263645803630821
Input row: 1332,-0.008276405645696381
Input row: 1333,-0.0039826265530536291
Input row: 1334,0.0058778484551125481
Input row: 1335,0.00288106798728766851
Input row: 1336,0.0100188690274001481
Input row: 1337,-0.012449222624761991
Input row: 1338,-0.0053241699015815961
Input row: 1339,-0.0066433346704094341
Input row: 1340,0.0125981636315893631
Input row: 1341,-0.015978551483520321
Input row: 1342,0.0052028778770615971
Input row: 1343,-0.0080898085108308941
Input row: 1344,0.0167015645836968881
Input row: 1345,-0.0011740800626179441
Input row: 1346,0.0203942667747268671
Input row: 1347,0.0058268020423602871
Input row: 1348,-0.00114502148415289221
Input row: 1349,0.0099093194777411361
Input row: 1350,0.01
Input row: 1351,0.00348432408261084271
Input row: 1352,0.0067597102876084921
Input row: 1353,0.0076575981849069791
Input row: 1354,-0.0060178998671537581
Input row: 1355,0.010720974079671341
Input row: 1356,0.00289633050243340341
Input row: 1357,0.00737322718268708551
Input row: 1358,-0.0064379722575661821
Input row: 1359,-0.013690639095306281
Input row: 1360,-0.0109148692748106441
Input row: 1361,-0.00287845285752506671
Input row: 1362,0.00069856796414006531
Input row: 1363,-8.729431283098526e-051
Input row: 1364,-0.0042867831711117031
Input row: 1365,0.0108128015466205911
Input row: 1366,-0.00190988859166620731
Input row: 1367,-0.0039179885564289681
Input row: 1368,0.0189247384852450771
Input row: 1369,-0.037236721259422011
Input row: 1370,-0.0348977737776456561
Input row: 1371,0.0153385642096971421
Input row: 1372,0.0224869497597658881
Input row: 1373,0.0184328926505864281
Input row: 1374,0.00355949501143148271
Input row: 1375,0.01
Input row: 1376,-0.0148422490655611571
Input row: 1377,0.00175762414524447631
Input row: 1378,0.00210507927924896741
Input row: 1379,0.0230393007249654021
Input row: 1380,0.0114929115886151031
Input row: 1381,0.0132853211054089811
Input row: 1382,-0.0039335532160475771
Input row: 1383,0.00100578333849640721
Input row: 1384,0.00276069945698050871
Input row: 1385,0.00166944946954120731
Input row: 1386,-0.00501673292959820251
Input row: 1387,0.0065168582213360681
Input row: 1388,-0.00475813744641681151
Input row: 1389,0.00741948299593112641
Input row: 1390,-0.00149613526370469221
Input row: 1391,0.0048128878896985421
Input row: 1392,0.00281061605208660861
Input row: 1393,-0.0025623025135842991
Input row: 1394,0.00198429168043196951
Input row: 1395,0.0008256275237823891
Input row: 1396,-0.0140455248955221131
Input row: 1397,0.0080857357129714221
Input row: 1398,0.00091282525735968171
Input row: 1399,0.0143294883748865681
Input row: 1400,-0.00049071727491629511
Input row: 1401,0.00106291657936646361
Input row: 1402,-0.0072238720567140091
Input row: 1403,0.004769280740845321
Input row: 1404,0.00098255964672265681
Input row: 1405,0.0098539011428566451
Input row: 1406,-0.0081367413930617131
Input row: 1407,-0.0029455102297568031
Input row: 1408,0.0073475716303943221
Input row: 1409,0.01
Input row: 1410,0.0022749441075612721
Input row: 1411,0.0069551432818588451
Input row: 1412,-0.0081732196840381581
Input row: 1413,0.00194821069819379221
Input row: 1414,-0.002029468570094851
Input row: 1415,0.0051872380860979331
Input row: 1416,0.00185761067834074141
Input row: 1417,-0.0056643621267511571
Input row: 1418,0.00073007506791770941
Input row: 1419,0.0096034309463715851
Input row: 1420,0.01
Input row: 1421,0.00095689485312173791
Input row: 1422,0.00624544101851548951
Input row: 1423,-0.0019954510352769961
Input row: 1424,-0.031738388983088841
Input row: 1425,0.0138419016612708321
Input row: 1426,-0.0193829984176038631
Input row: 1427,0.00016585123182562731
Input row: 1428,0.0118695755553839471
Input row: 1429,-0.00147601502812065251
Input row: 1430,0.0066249782243122221
Input row: 1431,-0.00424802534091111351
Input row: 1432,0.0143863984048637761
Input row: 1433,0.0142619194875885321
Input row: 1434,-0.0071055346658393961
Input row: 1435,-0.0127400529803305511
Input row: 1436,0.0040492442758525861
Input row: 1437,0.0076486826732519711
Input row: 1438,-0.014704959163355061
Input row: 1439,0.0109281858203209381
Input row: 1440,-0.00314478346501634141
Input row: 1441,-0.0049386814545092071
Input row: 1442,0.0059880418446226931
Input row: 1443,-0.00104936039011355851
Input row: 1444,-0.0080276125400830791
Input row: 1445,0.0118967129656625281
Input row: 1446,-0.018431082372917261
Input row: 1447,-0.00081980657157474471
Input row: 1448,-0.0083179396609161671
Input row: 1449,-0.00406049863886871751
Input row: 1450,-0.00116317726640729021
Input row: 1451,0.0057197486727869091
Input row: 1452,0.00420671218788248351
Input row: 1453,-0.0029676058379399781
Input row: 1454,-0.00049545830906190141
Input row: 1455,0.0063398178672576051
Input row: 1456,-0.0074968427897222751
Input row: 1457,-0.0099726580684319071
Input row: 1458,-0.0115083801967433941
Input row: 1459,-0.00279199809103129051
Input row: 1460,0.0039741311342081981
Input row: 1461,-0.0123117666382661331
Input row: 1462,-0.0128113183388852171
Input row: 1463,-0.0048577472347844091
Input row: 1464,0.0064141677824426711
Input row: 1465,0.0241572073242863861
Input row: 1466,0.00261107749946990231
Input row: 1467,0.0303229263280596631
Input row: 1468,0.015868208607253781
Input row: 1469,0.022712006191310521
Input row: 1470,0.0139567974457766411
Input row: 1471,0.00309238746626952851
Input row: 1472,-7.719325334815981e-051
Input row: 1473,0.0058497703760286411
Input row: 1474,0.0052815002787581981
Input row: 1475,0.0046460344816592261
Input row: 1476,0.009077218151116681
Input row: 1477,0.0062305497506359421
Input row: 1478,0.01
Input row: 1479,0.00328726482050027431
Input row: 1480,-0.0130632488285116821
Input row: 1481,-0.00052912053844193471
Input row: 1482,-0.004926678400283831
Input row: 1483,-0.00487471450492090851
Input row: 1484,-0.0005346164254572241
Input row: 1485,0.017042639344087091
Input row: 1486,0.0107568079856830611
Input row: 1487,0.009686200911473711
Input row: 1488,0.0156241770727045551
Input row: 1489,0.0019540444068140361
Input row: 1490,-0.0106121071499285511
Input row: 1491,7.307003766368679e-051
Input row: 1492,-0.012573232801895151
Input row: 1493,0.0074453921026072871
Input row: 1494,-0.00183776285780807841
Input row: 1495,0.0065271032211942021
Input row: 1496,0.0084437828801901331
Input row: 1497,-0.0065450019109625181
Input row: 1498,-0.012776442245169931
Input row: 1499,0.005306616226487031
Input row: 1500,0.01
Input row: 1501,0.0044739522350824791
Input row: 1502,-0.0102979946474862071
Input row: 1503,0.0008868524711039781
Input row: 1504,-0.00384872061195594761
Input row: 1505,0.01
Input row: 1506,0.0049561813180054271
Input row: 1507,0.0165389792613053721
Input row: 1508,-0.0116072405841837881
Input row: 1509,-0.00367809742300446351
Input row: 1510,-0.0065806736796547061
Input row: 1511,0.0095242330940194811
Input row: 1512,0.00176198562581223041
Input row: 1513,-0.00773171260771354351
Input row: 1514,0.0072181207551972161
Input row: 1515,0.01
Input row: 1516,-0.0136699952624651581
Input row: 1517,0.0032682195026820991
Input row: 1518,-0.0081906638096229931
Input row: 1519,0.00514561708078886851
Input row: 1520,-0.004174126513779021
Input row: 1521,0.0151961710040307461
Input row: 1522,0.009372551585927251
Input row: 1523,-0.0040165095804516311
Input row: 1524,-0.00344511977176619131
Input row: 1525,-0.0140493289877821581
Input row: 1526,0.0069753918921845771
Input row: 1527,-0.00059175976281169121
Input row: 1528,-0.0025188930194839151
Input row: 1529,0.015165190520202341
Input row: 1530,-0.0075538476601377791
Input row: 1531,-0.0044267447233518631
Input row: 1532,-0.0017761994012558931
Input row: 1533,0.0139759538559738081
Input row: 1534,0.0075680757087418451
Input row: 1535,0.00260643066756749941
Input row: 1536,0.0033205834308362581
Input row: 1537,0.0059637324231179991
Input row: 1538,-0.002797806624347641
Input row: 1539,-0.00064676082883993281
Input row: 1540,0.01
Input row: 1541,0.0078049875290103541
Input row: 1542,-0.0044320610114839721
Input row: 1543,-0.0059641609624617231
Input row: 1544,-0.00072098056475684011
Input row: 1545,0.0096896505475171211
Input row: 1546,-0.0155488303896301471
Input row: 1547,0.0181169584953401741
Input row: 1548,-0.0115367980884705741
Input row: 1549,-0.00072098056475684011
Input row: 1550,-0.00687536632717795651
Input row: 1551,-0.006557400546158941
Input row: 1552,-0.0066006840313521361
Input row: 1553,-0.003981425299184811
Input row: 1554,0.0044228289700020461
Input row: 1555,0.0023508679648505311
Input row: 1556,-0.004781002818142381
Input row: 1557,0.0153646569546167981
Input row: 1558,0.00130605155700604381
Input row: 1559,0.0039801767636331331
Input row: 1560,-0.0051323158210429541
Input row: 1561,-0.027833265139941981
Input row: 1562,0.000223905662016828581
Input row: 1563,0.0058040195671594681
Input row: 1564,-0.0021539726826130451
Input row: 1565,0.00185714869705590741
Input row: 1566,0.0077625791781893461
Input row: 1567,0.00323505906726606051
Input row: 1568,0.0075323037025190551
Input row: 1569,0.00160151450114457621
Input row: 1570,-0.0106030023362944681
Input row: 1571,-0.00117690340910637141
Input row: 1572,-0.0113990871613103271
Input row: 1573,0.0092624129278976711
Input row: 1574,-0.00044264109907536281
Input row: 1575,0.00221124878190091761
Input row: 1576,0.007920252608757981
Input row: 1577,-0.013679701446756281
Input row: 1578,-0.009822969295749121
Input row: 1579,0.01
Input row: 1580,0.0116725610633710441
Input row: 1581,0.000221721297238838361
Input row: 1582,0.0034672307981956381
Input row: 1583,0.0126597863638905091
Input row: 1584,-0.00225676214151004661
Input row: 1585,0.0123856289427892331
Input row: 1586,0.0096709088557068761
Input row: 1587,0.00511982914568961941
Input row: 1588,-0.000283748317148357771
Input row: 1589,-0.013499722889249731
Input row: 1590,0.0057364276048491411
Input row: 1591,-0.0050894343038210481
Input row: 1592,-0.0061995584953328431
Input row: 1593,-0.00137486906132050781
Input row: 1594,0.0064239276814202851
Input row: 1595,-0.00418169318805618461
Input row: 1596,-0.000433588675675710371
Input row: 1597,0.0061968781675409971
Input row: 1598,-0.0069922793447303371
Input row: 1599,-0.0052946633208922111
Input row: 1600,0.0077511344643820571
Input row: 1601,0.00036073735104943871
Input row: 1602,-0.027348882068696451
Input row: 1603,0.00362600759887325231
Input row: 1604,0.0047898105648770421
Input row: 1605,0.0067404460637483471
Input row: 1606,0.00328048407916190071
Input row: 1607,0.00065480740089335581
Input row: 1608,0.0006543789087256891
Input row: 1609,-0.000290782206178200931
Input row: 1610,0.01
Input row: 1611,-0.0078832525044124031
Input row: 1612,-0.00102646830627210531
Input row: 1613,0.019109093107507031
Input row: 1614,0.0064562634594559571
Input row: 1615,-0.00624038176178749651
Input row: 1616,-0.00093582413337275681
Input row: 1617,0.00093582413337259481
Input row: 1618,0.0135784263017694891
Input row: 1619,0.00516833604701694151
Input row: 1620,-0.00162549949215952721
Input row: 1621,0.0050797343602469451
Input row: 1622,-0.005928871122278811
Input row: 1623,-0.00511001821672459061
Input row: 1624,-0.0024935003836071371
Input row: 1625,0.00739112170052800851
Input row: 1626,-0.0101769372812624581
Input row: 1627,-0.0025067157262120661
Input row: 1628,0.00379344118789562341
Input row: 1629,0.0066218334456199111
Input row: 1630,0.00120571666083800641
Input row: 1631,-0.008828193460626011
Input row: 1632,0.0151872907040144781
Input row: 1633,-0.005933897038555691
Input row: 1634,-0.00155995209964732651
Input row: 1635,0.0083386816300182171
Input row: 1636,0.01
Input row: 1637,-0.00359547780617537441
Input row: 1638,-0.01745493680138431
Input row: 1639,0.0096556913680649221
Input row: 1640,-0.0043513996683851021
Input row: 1641,0.0029267965355057831
Input row: 1642,0.0076688581482603011
Input row: 1643,0.00084847632891976211
Input row: 1644,0.00169479597095289521
Input row: 1645,0.0023256643908500751
Input row: 1646,-0.00260793099352853731
Input row: 1647,0.0099021139862698721
Input row: 1648,0.00069856796414006531
Input row: 1649,-0.0045494391678640581
Input row: 1650,0.00140203317743861461
Input row: 1651,0.0090656129944180051
Input row: 1652,-0.0055691059356886171
Input row: 1653,-0.00637279372372382551
Input row: 1654,-0.00267323409282932451
Input row: 1655,-0.00317494181401587521
Input row: 1656,0.00190617446259146651
Input row: 1657,-0.0109926286883121821
Input row: 1658,-0.0050042998344439671
Input row: 1659,0.0048616668289249991
Input row: 1660,0.00163905256719115231
Input row: 1661,-0.0031379286909271881
Input row: 1662,-0.00868042324155591
Input row: 1663,-0.0183237876060188541
Input row: 1664,0.00146659848829297021
Input row: 1665,0.015054282344436511
Input row: 1666,-0.0082627128062099741
Input row: 1667,0.00029107844769615061
Input row: 1668,-0.0184313327932492561
Input row: 1669,-7.411524924656656e-051
Input row: 1670,-0.00066728454746607521
Input row: 1671,0.0107702427934381571
Input row: 1672,-0.00161550923665456471
Input row: 1673,0.00308189266533706251
Input row: 1674,0.0028532777158337711
Input row: 1675,0.0042283361095211051
Input row: 1676,0.000218221495683304131
Input row: 1677,0.0063800694921505821
Input row: 1678,0.0097807324110634981
Input row: 1679,0.0056378383052699591
Input row: 1680,0.01
Input row: 1681,-0.0096536199658644531
Input row: 1682,0.0020816143611027321
Input row: 1683,-0.00251283472138546031
Input row: 1684,0.00079042866904121771
Input row: 1685,0.0104323918652613581
Input row: 1686,0.00609455504185678951
Input row: 1687,0.002962965130657271
Input row: 1688,-0.00091617047177952961
Input row: 1689,0.0040810639248199681
Input row: 1690,0.0067882271933898791
Input row: 1691,0.01
Input row: 1692,0.00320312229858408941
Input row: 1693,-0.00104336948219488621
Input row: 1694,0.0042362645387100351
Input row: 1695,0.00138504177266147871
Input row: 1696,0.00076095607421401961
Input row: 1697,0.0193808497348668361
Input row: 1698,0.0026416515514307761
Input row: 1699,0.00236478607551221261
Input row: 1700,0.0122075431077449581
Input row: 1701,0.00219758354348720131
Input row: 1702,-0.00319808387707088161
Input row: 1703,0.00273233317834233741
Input row: 1704,-0.0013985550546382471
Input row: 1705,-0.00414051613307439651
Input row: 1706,0.0028734691828629811
Input row: 1707,-0.0007342879406060111
Input row: 1708,-0.00073482751561340531
Input row: 1709,-0.00180596015774420081
Input row: 1710,-0.00087070096924392091
Input row: 1711,-0.0028854239109982661
Input row: 1712,0.0047598387053485941
Input row: 1713,-0.00153944008180877181
Input row: 1714,0.0046112288077445851
Input row: 1715,-0.0074956849414785531
Input row: 1716,0.0020803282340742021
Input row: 1717,-0.0048383939560702311
Input row: 1718,0.00208606784710060151
Input row: 1719,0.0069000441237583181
Input row: 1720,-0.0106041262118039111
Input row: 1721,0.00705956473441762651
Input row: 1722,-0.0066548156733065691
Input row: 1723,0.00296316467065756971
Input row: 1724,-0.0006726759301141231
Input row: 1725,0.00114327999271719351
Input row: 1726,-0.0120361179844590531
Input row: 1727,0.00135961951603943021
Input row: 1728,-0.00353886309165051071
Input row: 1729,-0.00075021316391604081
Input row: 1730,0.0002728699109641041
Input row: 1731,-0.00273205552082655181
Input row: 1732,-0.0039747859348576891
Input row: 1733,0.0145878524210536241
Input row: 1734,0.0045911902942260961
Input row: 1735,0.00724884038598352841
Input row: 1736,0.010378644155997191
Input row: 1737,-0.00132459122618972621
Input row: 1738,0.01
Input row: 1739,0.000397561627287819941
Input row: 1740,-0.00305201935422039741
Input row: 1741,0.0156258330161107921
Input row: 1742,0.0033308328479502851
Input row: 1743,0.00182398591380528991
Input row: 1744,-0.0041086567727877841
Input row: 1745,-0.00373195836944217221
Input row: 1746,-0.010020520262926781
Input row: 1747,-0.004715266913471221
Input row: 1748,0.0069654333162423351
Input row: 1749,0.0009250694461728121
Input row: 1750,-0.0003963535525530181
Input row: 1751,-0.0031102165825802591
Input row: 1752,0.0059472850906193331
Input row: 1753,-0.01113036533635051
Input row: 1754,0.0141564843484779831
Input row: 1755,0.0134405363812210321
Input row: 1756,-0.0079380988116136141
Input row: 1757,0.00195784177921163931
Input row: 1758,0.00058660585029035771
Input row: 1759,-0.0018261271623987811
Input row: 1760,0.01
Input row: 1761,0.00058733319794573471
Input row: 1762,-0.0009790803954341121
Input row: 1763,0.0039105830973916021
Input row: 1764,-0.0082955503643802311
Input row: 1765,0.01
Input row: 1766,0.0094007742847058881
Input row: 1767,0.00103909607998624551
Input row: 1768,0.00265776580133987151
Input row: 1769,0.0020694568596265091
Input row: 1770,0.00154928699248473241
Input row: 1771,-0.00135549480170348271
Input row: 1772,0.00012917393288003151
Input row: 1773,0.0170331325562404561
Input row: 1774,0.0041817205966736051
Input row: 1775,0.01
Input row: 1776,-0.0128541381702167061
Input row: 1777,0.0094340322333587141
Input row: 1778,-0.0068755045488115341
Input row: 1779,0.0130737408240556281
Input row: 1780,0.0053450842553190011
Input row: 1781,0.0031933905225511921
Input row: 1782,-0.0062082788058372141
Input row: 1783,0.00037735849504411571
Input row: 1784,0.00357782134788390241
Input row: 1785,-0.0056550574833449881
Input row: 1786,-0.0096239820943344481
Input row: 1787,-0.0052306045132747141
Input row: 1788,0.00312889371193297941
Input row: 1789,-0.0194418380690273321
Input row: 1790,-0.039176509488790521
Input row: 1791,0.0118949018482751251
Input row: 1792,0.00100156920868863161
Input row: 1793,-0.029804427706664391
Input row: 1794,0.009103105193938831
Input row: 1795,0.0094260352747618181
Input row: 1796,0.00215749814002109271
Input row: 1797,0.0178224521875767071
Input row: 1798,0.0108571555069531831
Input row: 1799,0.00352780139832821341
Input row: 1800,0.01
Input row: 1801,-0.0082509799505746121
Input row: 1802,0.00105152480772019791
Input row: 1803,-0.00157770214161769741
Input row: 1804,0.0129422030036270931
Input row: 1805,0.0065378748590560891
Input row: 1806,-0.0144925363516440441
Input row: 1807,-0.0159021529227773261
Input row: 1808,-0.0026640042395200311
Input row: 1809,0.015878600236700041
Input row: 1810,0.0088872048051227961
Input row: 1811,0.0107416588670688871
Input row: 1812,0.008779012520808681
Input row: 1813,-0.00204368445125327871
Input row: 1814,0.015856233772932791
Input row: 1815,0.0017603424638845551
Input row: 1816,-0.0046590778731866621
Input row: 1817,-0.0047442920376294711
Input row: 1818,-0.00502178215811465751
Input row: 1819,0.0055922870704223121
Input row: 1820,-0.0096791382249040851
Input row: 1821,-0.000255983618446319161
Input row: 1822,0.0058074766751530691
Input row: 1823,-0.0244778726833161621
Input row: 1824,-0.0217543186738843631
Input row: 1825,0.02162388956192181
